pill_product_id,ingredient_name,ingredient_name_normalized,canonical_drug_id
PILL_000001,메트포르민염산염,메트포르민염산염,DRUG_CANON_037
PILL_000002,메트포르민염산염,메트포르민염산염,DRUG_CANON_037
PILL_000003,메트포르민염산염,메트포르민염산염,DRUG_CANON_037
PILL_000005,파모티딘,파모티딘,DRUG_CANON_132
PILL_000007,아세트아미노펜,아세트아미노펜,DRUG_CANON_060
PILL_000013,스피로노락톤,스피로노락톤,DRUG_CANON_059
PILL_000014,이부프로펜,이부프로펜,DRUG_CANON_021
PILL_000015,아세트아미노펜,아세트아미노펜,DRUG_CANON_060
PILL_000015,클로르족사존,클로르족사존,DRUG_CANON_026
PILL_000016,글리메피리드,글리메피리드,DRUG_CANON_036
PILL_000018,아스피린,아스피린,DRUG_CANON_011
PILL_000019,메트포르민염산염,메트포르민염산염,DRUG_CANON_037
PILL_000022,메트포르민염산염,메트포르민염산염,DRUG_CANON_037
PILL_000023,메트포르민염산염,메트포르민염산염,DRUG_CANON_037
PILL_000024,메트포르민염산염,메트포르민염산염,DRUG_CANON_037
PILL_000025,메트포르민염산염,메트포르민염산염,DRUG_CANON_037
PILL_000029,글리메피리드,글리메피리드,DRUG_CANON_036
PILL_000029,메트포르민염산염,메트포르민염산염,DRUG_CANON_037
PILL_000030,글리메피리드,글리메피리드,DRUG_CANON_036
PILL_000030,메트포르민염산염,메트포르민염산염,DRUG_CANON_037
PILL_000031,글리메피리드,글리메피리드,DRUG_CANON_036
PILL_000032,글리메피리드,글리메피리드,DRUG_CANON_036
PILL_000033,글리메피리드,글리메피리드,DRUG_CANON_036
PILL_000034,글리메피리드,글리메피리드,DRUG_CANON_036
PILL_000043,나프록센나트륨,나프록센나트륨,DRUG_CANON_015
PILL_000044,나프록센나트륨,나프록센나트륨,DRUG_CANON_015
PILL_000045,나프록센나트륨,나프록센나트륨,DRUG_CANON_015
PILL_000046,나프록센,나프록센,DRUG_CANON_015
PILL_000047,나프록센,나프록센,DRUG_CANON_015
PILL_000076,메트포르민염산염,메트포르민염산염,DRUG_CANON_037
PILL_000077,메트포르민염산염,메트포르민염산염,DRUG_CANON_037
PILL_000079,아세트아미노펜,아세트아미노펜,DRUG_CANON_060
PILL_000079,클로르족사존,클로르족사존,DRUG_CANON_026
PILL_000084,로사르탄칼륨,로사르탄칼륨,DRUG_CANON_081
PILL_000087,이부프로펜,이부프로펜,DRUG_CANON_021
PILL_000091,아세트아미노펜,아세트아미노펜,DRUG_CANON_060
PILL_000135,아세트아미노펜,아세트아미노펜,DRUG_CANON_060
PILL_000144,아세트아미노펜,아세트아미노펜,DRUG_CANON_060
PILL_000144,에페드린염산염,에페드린염산염,DRUG_CANON_052
PILL_000147,라록시펜염산염,라록시펜염산염,DRUG_CANON_042
PILL_000152,아세트아미노펜,아세트아미노펜,DRUG_CANON_060
PILL_000168,아세트아미노펜,아세트아미노펜,DRUG_CANON_060
PILL_000168,클로르족사존,클로르족사존,DRUG_CANON_026
PILL_000177,이르베사르탄,이르베사르탄,DRUG_CANON_080
PILL_000178,이르베사르탄,이르베사르탄,DRUG_CANON_080
PILL_000179,이르베사르탄,이르베사르탄,DRUG_CANON_080
PILL_000180,이르베사르탄,이르베사르탄,DRUG_CANON_080
PILL_000183,로사르탄칼륨,로사르탄칼륨,DRUG_CANON_081
PILL_000192,실로스타졸,실로스타졸,DRUG_CANON_020
PILL_000193,실로스타졸,실로스타졸,DRUG_CANON_020
PILL_000196,아세트아미노펜,아세트아미노펜,DRUG_CANON_060
PILL_000196,클로르족사존,클로르족사존,DRUG_CANON_026
PILL_000197,아세트아미노펜,아세트아미노펜,DRUG_CANON_060
PILL_000197,클로르족사존,클로르족사존,DRUG_CANON_026
PILL_000204,리바스티그민타르타르산염,리바스티그민타르타르산염,DRUG_CANON_110
PILL_000205,리바스티그민타르타르산염,리바스티그민타르타르산염,DRUG_CANON_110
PILL_000230,미코페놀레이트나트륨,미코페놀레이트나트륨,DRUG_CANON_006
PILL_000231,미코페놀레이트나트륨,미코페놀레이트나트륨,DRUG_CANON_006
PILL_000234,미코페놀레이트나트륨,미코페놀레이트나트륨,DRUG_CANON_006
PILL_000235,미코페놀레이트나트륨,미코페놀레이트나트륨,DRUG_CANON_006
PILL_000243,메트포르민염산염,메트포르민염산염,DRUG_CANON_037
PILL_000249,벤즈트로핀메실산염,벤즈트로핀메실산염,DRUG_CANON_113
PILL_000251,할로페리돌,할로페리돌,DRUG_CANON_087
PILL_000257,아세트아미노펜,아세트아미노펜,DRUG_CANON_060
PILL_000262,아세트아미노펜,아세트아미노펜,DRUG_CANON_060
PILL_000273,아세트아미노펜,아세트아미노펜,DRUG_CANON_060
PILL_000273,클로르족사존,클로르족사존,DRUG_CANON_026
PILL_000280,나프록센나트륨,나프록센나트륨,DRUG_CANON_015
PILL_000290,아스피린,아스피린,DRUG_CANON_011
PILL_000292,심바스타틴,심바스타틴,DRUG_CANON_068
PILL_000304,로사르탄칼륨,로사르탄칼륨,DRUG_CANON_081
PILL_000305,로사르탄칼륨,로사르탄칼륨,DRUG_CANON_081
PILL_000306,로사르탄칼륨,로사르탄칼륨,DRUG_CANON_081
PILL_000325,카르바마제핀,카르바마제핀,DRUG_CANON_062
PILL_000327,이부프로펜,이부프로펜,DRUG_CANON_021
PILL_000328,아세트아미노펜,아세트아미노펜,DRUG_CANON_060
PILL_000336,나프록센,나프록센,DRUG_CANON_015
PILL_000338,실데나필시트르산염,실데나필시트르산염,DRUG_CANON_058
PILL_000346,아세트아미노펜,아세트아미노펜,DRUG_CANON_060
PILL_000351,아세트아미노펜,아세트아미노펜,DRUG_CANON_060
PILL_000352,아스피린,아스피린,DRUG_CANON_011
PILL_000353,메트포르민염산염,메트포르민염산염,DRUG_CANON_037
PILL_000355,아세트아미노펜,아세트아미노펜,DRUG_CANON_060
PILL_000356,아스피린,아스피린,DRUG_CANON_011
PILL_000363,히드로클로로티아지드,히드로클로로티아지드,DRUG_CANON_033
PILL_000366,아세트아미노펜,아세트아미노펜,DRUG_CANON_060
PILL_000374,아세트아미노펜,아세트아미노펜,DRUG_CANON_060
PILL_000374,클로르족사존,클로르족사존,DRUG_CANON_026
PILL_000376,히드로클로로티아지드,히드로클로로티아지드,DRUG_CANON_033
PILL_000377,설트랄린염산염,설트랄린염산염,DRUG_CANON_046
PILL_000380,시메티딘,시메티딘,DRUG_CANON_071
PILL_000386,아세트아미노펜,아세트아미노펜,DRUG_CANON_060
PILL_000386,에페드린염산염,에페드린염산염,DRUG_CANON_052
PILL_000387,메트포르민염산염,메트포르민염산염,DRUG_CANON_037
PILL_000388,메트포르민염산염,메트포르민염산염,DRUG_CANON_037
PILL_000389,아세트아미노펜,아세트아미노펜,DRUG_CANON_060
PILL_000389,에페드린염산염,에페드린염산염,DRUG_CANON_052
PILL_000392,아세트아미노펜,아세트아미노펜,DRUG_CANON_060
PILL_000392,에페드린염산염,에페드린염산염,DRUG_CANON_052
PILL_000393,아세트아미노펜,아세트아미노펜,DRUG_CANON_060
PILL_000394,아스피린,아스피린,DRUG_CANON_011
PILL_000394,클로피도그렐황산염,클로피도그렐황산염,DRUG_CANON_012
PILL_000398,아세트아미노펜,아세트아미노펜,DRUG_CANON_060
PILL_000399,클로르족사존,클로르족사존,DRUG_CANON_026
PILL_000400,이부프로펜,이부프로펜,DRUG_CANON_021
PILL_000411,아세트아미노펜,아세트아미노펜,DRUG_CANON_060
PILL_000411,에페드린염산염,에페드린염산염,DRUG_CANON_052
PILL_000412,아세트아미노펜,아세트아미노펜,DRUG_CANON_060
PILL_000412,에페드린염산염,에페드린염산염,DRUG_CANON_052
PILL_000415,아세트아미노펜,아세트아미노펜,DRUG_CANON_060
PILL_000417,시메티딘,시메티딘,DRUG_CANON_071
PILL_000421,이부프로펜,이부프로펜,DRUG_CANON_021
PILL_000424,파모티딘,파모티딘,DRUG_CANON_132
PILL_000425,실로스타졸,실로스타졸,DRUG_CANON_020
PILL_000427,심바스타틴,심바스타틴,DRUG_CANON_068
PILL_000428,심바스타틴,심바스타틴,DRUG_CANON_068
PILL_000430,시메티딘,시메티딘,DRUG_CANON_071
PILL_000432,아세트아미노펜,아세트아미노펜,DRUG_CANON_060
PILL_000432,에페드린염산염,에페드린염산염,DRUG_CANON_052
PILL_000433,아세트아미노펜,아세트아미노펜,DRUG_CANON_060
PILL_000444,시메티딘,시메티딘,DRUG_CANON_071
PILL_000447,아세트아미노펜,아세트아미노펜,DRUG_CANON_060
PILL_000457,아스피린,아스피린,DRUG_CANON_011
PILL_000459,아세트아미노펜,아세트아미노펜,DRUG_CANON_060
PILL_000463,이부프로펜,이부프로펜,DRUG_CANON_021
PILL_000464,도네페질염산염,도네페질염산염,DRUG_CANON_109
PILL_000465,도네페질염산염,도네페질염산염,DRUG_CANON_109
PILL_000466,도네페질염산염,도네페질염산염,DRUG_CANON_109
PILL_000467,글리메피리드,글리메피리드,DRUG_CANON_036
PILL_000467,메트포르민염산염,메트포르민염산염,DRUG_CANON_037
PILL_000468,로사르탄칼륨,로사르탄칼륨,DRUG_CANON_081
PILL_000469,로사르탄칼륨,로사르탄칼륨,DRUG_CANON_081
PILL_000470,로사르탄칼륨,로사르탄칼륨,DRUG_CANON_081
PILL_000471,로사르탄칼륨,로사르탄칼륨,DRUG_CANON_081
PILL_000472,로사르탄칼륨,로사르탄칼륨,DRUG_CANON_081
PILL_000473,로사르탄칼륨,로사르탄칼륨,DRUG_CANON_081
PILL_000473,클로르탈리돈,클로르탈리돈,DRUG_CANON_031
PILL_000474,로사르탄칼륨,로사르탄칼륨,DRUG_CANON_081
PILL_000474,클로르탈리돈,클로르탈리돈,DRUG_CANON_031
PILL_000475,로사르탄칼륨,로사르탄칼륨,DRUG_CANON_081
PILL_000475,클로르탈리돈,클로르탈리돈,DRUG_CANON_031
PILL_000484,아스피린,아스피린,DRUG_CANON_011
PILL_000485,아세트아미노펜,아세트아미노펜,DRUG_CANON_060
PILL_000485,에페드린염산염,에페드린염산염,DRUG_CANON_052
PILL_000486,아세트아미노펜,아세트아미노펜,DRUG_CANON_060
PILL_000486,에페드린염산염,에페드린염산염,DRUG_CANON_052
PILL_000488,아스피린,아스피린,DRUG_CANON_011
PILL_000489,아세트아미노펜,아세트아미노펜,DRUG_CANON_060
PILL_000496,아세트아미노펜,아세트아미노펜,DRUG_CANON_060
PILL_000496,클로르족사존,클로르족사존,DRUG_CANON_026
PILL_000501,아세트아미노펜,아세트아미노펜,DRUG_CANON_060
PILL_000501,에페드린염산염,에페드린염산염,DRUG_CANON_052
PILL_000502,아세트아미노펜,아세트아미노펜,DRUG_CANON_060
PILL_000502,에페드린염산염,에페드린염산염,DRUG_CANON_052
PILL_000503,이르베사르탄,이르베사르탄,DRUG_CANON_080
PILL_000504,이르베사르탄,이르베사르탄,DRUG_CANON_080
PILL_000513,펙소페나딘염산염,펙소페나딘염산염,DRUG_CANON_025
PILL_000515,펙소페나딘염산염,펙소페나딘염산염,DRUG_CANON_025
PILL_000523,나프록센나트륨,나프록센나트륨,DRUG_CANON_015
PILL_000529,아세트아미노펜,아세트아미노펜,DRUG_CANON_060
PILL_000533,이부프로펜,이부프로펜,DRUG_CANON_021
PILL_000538,아세트아미노펜 과립,아세트아미노펜과립,DRUG_CANON_060
PILL_000544,라록시펜염산염,라록시펜염산염,DRUG_CANON_042
PILL_000550,로사르탄칼륨,로사르탄칼륨,DRUG_CANON_081
PILL_000550,히드로클로로티아지드,히드로클로로티아지드,DRUG_CANON_033
PILL_000551,로사르탄칼륨,로사르탄칼륨,DRUG_CANON_081
PILL_000551,히드로클로로티아지드,히드로클로로티아지드,DRUG_CANON_033
PILL_000552,로사르탄칼륨,로사르탄칼륨,DRUG_CANON_081
PILL_000552,히드로클로로티아지드,히드로클로로티아지드,DRUG_CANON_033
PILL_000557,아세트아미노펜,아세트아미노펜,DRUG_CANON_060
PILL_000557,에페드린염산염,에페드린염산염,DRUG_CANON_052
PILL_000562,아세트아미노펜,아세트아미노펜,DRUG_CANON_060
PILL_000562,에페드린염산염,에페드린염산염,DRUG_CANON_052
PILL_000573,아세트아미노펜,아세트아미노펜,DRUG_CANON_060
PILL_000574,아세트아미노펜,아세트아미노펜,DRUG_CANON_060
PILL_000579,아세트아미노펜,아세트아미노펜,DRUG_CANON_060
PILL_000594,아세트아미노펜,아세트아미노펜,DRUG_CANON_060
PILL_000594,클로르족사존,클로르족사존,DRUG_CANON_026
PILL_000595,아스피린,아스피린,DRUG_CANON_011
PILL_000602,발프로산나트륨,발프로산나트륨,DRUG_CANON_102
PILL_000603,발프로산나트륨,발프로산나트륨,DRUG_CANON_102
PILL_000604,발프로산나트륨,발프로산나트륨,DRUG_CANON_102
PILL_000605,오메프라졸,오메프라졸,DRUG_CANON_103
PILL_000606,아세트아미노펜,아세트아미노펜,DRUG_CANON_060
PILL_000607,아세트아미노펜,아세트아미노펜,DRUG_CANON_060
PILL_000609,로사르탄칼륨,로사르탄칼륨,DRUG_CANON_081
PILL_000610,로사르탄칼륨,로사르탄칼륨,DRUG_CANON_081
PILL_000626,아세트아미노펜,아세트아미노펜,DRUG_CANON_060
PILL_000633,아세트아미노펜,아세트아미노펜,DRUG_CANON_060
PILL_000634,아세트아미노펜,아세트아미노펜,DRUG_CANON_060
PILL_000635,아세트아미노펜,아세트아미노펜,DRUG_CANON_060
PILL_000636,아세트아미노펜,아세트아미노펜,DRUG_CANON_060
PILL_000637,아세트아미노펜,아세트아미노펜,DRUG_CANON_060
PILL_000639,아세트아미노펜,아세트아미노펜,DRUG_CANON_060
PILL_000639,에페드린염산염,에페드린염산염,DRUG_CANON_052
PILL_000640,아세트아미노펜,아세트아미노펜,DRUG_CANON_060
PILL_000640,에페드린염산염,에페드린염산염,DRUG_CANON_052
PILL_000645,아스피린,아스피린,DRUG_CANON_011
PILL_000662,이부프로펜,이부프로펜,DRUG_CANON_021
PILL_000663,이부프로펜,이부프로펜,DRUG_CANON_021
PILL_000664,이부프로펜,이부프로펜,DRUG_CANON_021
PILL_000677,베라파밀염산염,베라파밀염산염,DRUG_CANON_092
PILL_000678,베라파밀염산염,베라파밀염산염,DRUG_CANON_092
PILL_000679,베라파밀염산염,베라파밀염산염,DRUG_CANON_092
PILL_000680,나프록센나트륨,나프록센나트륨,DRUG_CANON_015
PILL_000685,메트포르민염산염,메트포르민염산염,DRUG_CANON_037
PILL_000686,메트포르민염산염,메트포르민염산염,DRUG_CANON_037
PILL_000687,메트포르민염산염,메트포르민염산염,DRUG_CANON_037
PILL_000688,메트포르민염산염,메트포르민염산염,DRUG_CANON_037
PILL_000691,메트포르민염산염,메트포르민염산염,DRUG_CANON_037
PILL_000692,메트포르민염산염,메트포르민염산염,DRUG_CANON_037
PILL_000693,메트포르민염산염,메트포르민염산염,DRUG_CANON_037
PILL_000694,메트포르민염산염,메트포르민염산염,DRUG_CANON_037
PILL_000695,메트포르민염산염,메트포르민염산염,DRUG_CANON_037
PILL_000696,메트포르민염산염,메트포르민염산염,DRUG_CANON_037
PILL_000703,플루바스타틴나트륨,플루바스타틴나트륨,DRUG_CANON_079
PILL_000706,올란자핀,올란자핀,DRUG_CANON_089
PILL_000712,메트포르민염산염,메트포르민염산염,DRUG_CANON_037
PILL_000713,메트포르민염산염,메트포르민염산염,DRUG_CANON_037
PILL_000726,아세트아미노펜,아세트아미노펜,DRUG_CANON_060
PILL_000726,에페드린염산염,에페드린염산염,DRUG_CANON_052
PILL_000727,아스피린,아스피린,DRUG_CANON_011
PILL_000730,메트포르민염산염,메트포르민염산염,DRUG_CANON_037
PILL_000731,메트포르민염산염,메트포르민염산염,DRUG_CANON_037
PILL_000752,딜티아젬염산염,딜티아젬염산염,DRUG_CANON_128
PILL_000755,아세트아미노펜,아세트아미노펜,DRUG_CANON_060
PILL_000756,아세트아미노펜,아세트아미노펜,DRUG_CANON_060
PILL_000756,에페드린염산염,에페드린염산염,DRUG_CANON_052
PILL_000780,아미오다론염산염,아미오다론염산염,DRUG_CANON_061
PILL_000783,히드로클로로티아지드,히드로클로로티아지드,DRUG_CANON_033
PILL_000784,로사르탄칼륨,로사르탄칼륨,DRUG_CANON_081
PILL_000785,로사르탄칼륨,로사르탄칼륨,DRUG_CANON_081
PILL_000785,히드로클로로티아지드,히드로클로로티아지드,DRUG_CANON_033
PILL_000786,로사르탄칼륨,로사르탄칼륨,DRUG_CANON_081
PILL_000786,히드로클로로티아지드,히드로클로로티아지드,DRUG_CANON_033
PILL_000787,로사르탄칼륨,로사르탄칼륨,DRUG_CANON_081
PILL_000787,히드로클로로티아지드,히드로클로로티아지드,DRUG_CANON_033
PILL_000788,로사르탄칼륨,로사르탄칼륨,DRUG_CANON_081
PILL_000788,히드로클로로티아지드,히드로클로로티아지드,DRUG_CANON_033
PILL_000794,아세트아미노펜,아세트아미노펜,DRUG_CANON_060
PILL_000795,메트포르민염산염,메트포르민염산염,DRUG_CANON_037
PILL_000796,메트포르민염산염,메트포르민염산염,DRUG_CANON_037
PILL_000803,라니티딘염산염,라니티딘염산염,DRUG_CANON_133
PILL_000805,클로르족사존,클로르족사존,DRUG_CANON_026
PILL_000813,아세트아미노펜,아세트아미노펜,DRUG_CANON_060
PILL_000813,클로르족사존,클로르족사존,DRUG_CANON_026
PILL_000815,아세트아미노펜,아세트아미노펜,DRUG_CANON_060
PILL_000817,클래리트로마이신,클래리트로마이신,DRUG_CANON_127
PILL_000818,클래리트로마이신,클래리트로마이신,DRUG_CANON_127
PILL_000819,클래리트로마이신,클래리트로마이신,DRUG_CANON_127
PILL_000820,클로르족사존,클로르족사존,DRUG_CANON_026
PILL_000822,클로피도그렐황산수소염,클로피도그렐황산수소염,DRUG_CANON_012
PILL_000823,아세트아미노펜,아세트아미노펜,DRUG_CANON_060
PILL_000823,클로르족사존,클로르족사존,DRUG_CANON_026
PILL_000825,클로자핀,클로자핀,DRUG_CANON_067
PILL_000826,클로자핀,클로자핀,DRUG_CANON_067
PILL_000829,아세트아미노펜,아세트아미노펜,DRUG_CANON_060
PILL_000832,타목시펜시트르산염,타목시펜시트르산염,DRUG_CANON_040
PILL_000833,아세트아미노펜,아세트아미노펜,DRUG_CANON_060
PILL_000834,아세트아미노펜,아세트아미노펜,DRUG_CANON_060
PILL_000836,아세트아미노펜,아세트아미노펜,DRUG_CANON_060
PILL_000837,아세트아미노펜 과립,아세트아미노펜과립,DRUG_CANON_060
PILL_000838,아세트아미노펜,아세트아미노펜,DRUG_CANON_060
PILL_000839,아세트아미노펜,아세트아미노펜,DRUG_CANON_060
PILL_000843,나프록센나트륨,나프록센나트륨,DRUG_CANON_015
PILL_000844,카르바마제핀,카르바마제핀,DRUG_CANON_062
PILL_000856,토르세미드,토르세미드,DRUG_CANON_083
PILL_000867,히드로클로로티아지드,히드로클로로티아지드,DRUG_CANON_033
PILL_000868,히드로클로로티아지드,히드로클로로티아지드,DRUG_CANON_033
PILL_000869,히드로클로로티아지드,히드로클로로티아지드,DRUG_CANON_033
PILL_000870,이소니아지드,이소니아지드,DRUG_CANON_063
PILL_000871,설트랄린염산염,설트랄린염산염,DRUG_CANON_046
PILL_000872,설트랄린염산염,설트랄린염산염,DRUG_CANON_046
PILL_000873,아세트아미노펜,아세트아미노펜,DRUG_CANON_060
PILL_000875,아세트아미노펜,아세트아미노펜,DRUG_CANON_060
PILL_000877,메트포르민염산염,메트포르민염산염,DRUG_CANON_037
PILL_000878,메트포르민염산염,메트포르민염산염,DRUG_CANON_037
PILL_000879,메트포르민염산염,메트포르민염산염,DRUG_CANON_037
PILL_000895,아세트아미노펜,아세트아미노펜,DRUG_CANON_060
PILL_000896,아세트아미노펜,아세트아미노펜,DRUG_CANON_060
PILL_000897,아세트아미노펜,아세트아미노펜,DRUG_CANON_060
PILL_000898,아세트아미노펜,아세트아미노펜,DRUG_CANON_060
PILL_000900,파모티딘,파모티딘,DRUG_CANON_132
PILL_000902,아세트아미노펜,아세트아미노펜,DRUG_CANON_060
PILL_000902,에페드린염산염,에페드린염산염,DRUG_CANON_052
PILL_000916,아세트아미노펜,아세트아미노펜,DRUG_CANON_060
PILL_000917,펙소페나딘염산염,펙소페나딘염산염,DRUG_CANON_025
PILL_000918,펙소페나딘염산염,펙소페나딘염산염,DRUG_CANON_025
PILL_000920,아세트아미노펜,아세트아미노펜,DRUG_CANON_060
PILL_000921,아세트아미노펜,아세트아미노펜,DRUG_CANON_060
PILL_000922,아세트아미노펜,아세트아미노펜,DRUG_CANON_060
PILL_000922,에페드린염산염,에페드린염산염,DRUG_CANON_052
PILL_000932,아세트아미노펜,아세트아미노펜,DRUG_CANON_060
PILL_000932,클로르족사존,클로르족사존,DRUG_CANON_026
PILL_000940,나프록센나트륨,나프록센나트륨,DRUG_CANON_015
PILL_000941,나프록센나트륨,나프록센나트륨,DRUG_CANON_015
PILL_000952,아세트아미노펜,아세트아미노펜,DRUG_CANON_060
PILL_000952,클로르족사존,클로르족사존,DRUG_CANON_026
PILL_000957,아세트아미노펜,아세트아미노펜,DRUG_CANON_060
PILL_000958,아세트아미노펜,아세트아미노펜,DRUG_CANON_060
PILL_000959,아세트아미노펜,아세트아미노펜,DRUG_CANON_060
PILL_000961,아세트아미노펜,아세트아미노펜,DRUG_CANON_060
PILL_000964,아세트아미노펜,아세트아미노펜,DRUG_CANON_060
PILL_000965,아스피린,아스피린,DRUG_CANON_011
PILL_000967,아세트아미노펜,아세트아미노펜,DRUG_CANON_060
PILL_000971,아세트아미노펜,아세트아미노펜,DRUG_CANON_060
PILL_000971,에페드린염산염,에페드린염산염,DRUG_CANON_052
PILL_000972,딜티아젬염산염,딜티아젬염산염,DRUG_CANON_128
PILL_000976,아세트아미노펜,아세트아미노펜,DRUG_CANON_060
PILL_000979,설트랄린염산염,설트랄린염산염,DRUG_CANON_046
PILL_000983,푸로세미드,푸로세미드,DRUG_CANON_032
PILL_000991,시메티딘,시메티딘,DRUG_CANON_071
PILL_000993,아세트아미노펜,아세트아미노펜,DRUG_CANON_060
PILL_000996,오메프라졸,오메프라졸,DRUG_CANON_103
PILL_000997,오메프라졸,오메프라졸,DRUG_CANON_103
PILL_001040,아세트아미노펜,아세트아미노펜,DRUG_CANON_060
PILL_001044,아스피린,아스피린,DRUG_CANON_011
PILL_001047,아스피린,아스피린,DRUG_CANON_011
PILL_001057,아스피린,아스피린,DRUG_CANON_011
PILL_001066,이부프로펜,이부프로펜,DRUG_CANON_021
PILL_001071,글리메피리드,글리메피리드,DRUG_CANON_036
PILL_001072,글리메피리드,글리메피리드,DRUG_CANON_036
PILL_001073,글리메피리드,글리메피리드,DRUG_CANON_036
PILL_001078,아세트아미노펜,아세트아미노펜,DRUG_CANON_060
PILL_001080,클로르족사존,클로르족사존,DRUG_CANON_026
PILL_001081,글리메피리드,글리메피리드,DRUG_CANON_036
PILL_001082,글리메피리드,글리메피리드,DRUG_CANON_036
PILL_001083,글리메피리드,글리메피리드,DRUG_CANON_036
PILL_001084,글리메피리드,글리메피리드,DRUG_CANON_036
PILL_001084,메트포르민염산염,메트포르민염산염,DRUG_CANON_037
PILL_001085,글리메피리드,글리메피리드,DRUG_CANON_036
PILL_001085,메트포르민염산염,메트포르민염산염,DRUG_CANON_037
PILL_001086,글리메피리드,글리메피리드,DRUG_CANON_036
PILL_001086,메트포르민염산염,메트포르민염산염,DRUG_CANON_037
PILL_001090,피오글리타존염산염,피오글리타존염산염,DRUG_CANON_038
PILL_001091,메트포르민염산염,메트포르민염산염,DRUG_CANON_037
PILL_001092,메트포르민염산염,메트포르민염산염,DRUG_CANON_037
PILL_001093,메트포르민염산염,메트포르민염산염,DRUG_CANON_037
PILL_001094,메트포르민염산염,메트포르민염산염,DRUG_CANON_037
PILL_001095,메트포르민염산염,메트포르민염산염,DRUG_CANON_037
PILL_001096,메트포르민염산염,메트포르민염산염,DRUG_CANON_037
PILL_001097,메트포르민염산염,메트포르민염산염,DRUG_CANON_037
PILL_001100,피오글리타존염산염,피오글리타존염산염,DRUG_CANON_038
PILL_001103,글리메피리드,글리메피리드,DRUG_CANON_036
PILL_001103,메트포르민염산염,메트포르민염산염,DRUG_CANON_037
PILL_001104,글리메피리드,글리메피리드,DRUG_CANON_036
PILL_001104,메트포르민염산염,메트포르민염산염,DRUG_CANON_037
PILL_001105,글리메피리드,글리메피리드,DRUG_CANON_036
PILL_001106,글리메피리드,글리메피리드,DRUG_CANON_036
PILL_001108,글리메피리드,글리메피리드,DRUG_CANON_036
PILL_001117,아세트아미노펜,아세트아미노펜,DRUG_CANON_060
PILL_001119,이부프로펜,이부프로펜,DRUG_CANON_021
PILL_001120,나프록센,나프록센,DRUG_CANON_015
PILL_001121,실데나필시트르산염,실데나필시트르산염,DRUG_CANON_058
PILL_001126,아세트아미노펜,아세트아미노펜,DRUG_CANON_060
PILL_001131,나프록센나트륨,나프록센나트륨,DRUG_CANON_015
PILL_001134,나프록센,나프록센,DRUG_CANON_015
PILL_001135,나프록센,나프록센,DRUG_CANON_015
PILL_001136,나프록센,나프록센,DRUG_CANON_015
PILL_001137,나프록센,나프록센,DRUG_CANON_015
PILL_001150,클로피도그렐황산수소염,클로피도그렐황산수소염,DRUG_CANON_012
PILL_001168,도네페질염산염수화물,도네페질염산염수화물,DRUG_CANON_109
PILL_001172,이부프로펜,이부프로펜,DRUG_CANON_021
PILL_001173,이부프로펜,이부프로펜,DRUG_CANON_021
PILL_001174,아세트아미노펜,아세트아미노펜,DRUG_CANON_060
PILL_001206,실데나필시트르산염,실데나필시트르산염,DRUG_CANON_058
PILL_001238,실데나필시트르산염,실데나필시트르산염,DRUG_CANON_058
PILL_001247,아스피린,아스피린,DRUG_CANON_011
PILL_001258,아세트아미노펜,아세트아미노펜,DRUG_CANON_060
PILL_001265,니페디핀,니페디핀,DRUG_CANON_023
PILL_001266,니페디핀,니페디핀,DRUG_CANON_023
PILL_001272,아세트아미노펜,아세트아미노펜,DRUG_CANON_060
PILL_001274,글리피지드,글리피지드,DRUG_CANON_035
PILL_001280,이부프로펜,이부프로펜,DRUG_CANON_021
PILL_001286,히드로클로로티아지드,히드로클로로티아지드,DRUG_CANON_033
PILL_001289,이부프로펜,이부프로펜,DRUG_CANON_021
PILL_001301,실데나필시트르산염,실데나필시트르산염,DRUG_CANON_058
PILL_001303,아스피린,아스피린,DRUG_CANON_011
PILL_001310,실로스타졸,실로스타졸,DRUG_CANON_020
PILL_001317,로사르탄칼륨,로사르탄칼륨,DRUG_CANON_081
PILL_001317,히드로클로로티아지드,히드로클로로티아지드,DRUG_CANON_033
PILL_001322,실데나필시트르산염,실데나필시트르산염,DRUG_CANON_058
PILL_001326,발프로산,발프로산,DRUG_CANON_102
PILL_001326,발프로산나트륨,발프로산나트륨,DRUG_CANON_102
PILL_001327,발프로산,발프로산,DRUG_CANON_102
PILL_001327,발프로산나트륨,발프로산나트륨,DRUG_CANON_102
PILL_001360,도네페질염산염수화물,도네페질염산염수화물,DRUG_CANON_109
PILL_001362,아세트아미노펜,아세트아미노펜,DRUG_CANON_060
PILL_001372,아세트아미노펜,아세트아미노펜,DRUG_CANON_060
PILL_001381,파모티딘,파모티딘,DRUG_CANON_132
PILL_001393,아세트아미노펜,아세트아미노펜,DRUG_CANON_060
PILL_001394,아세트아미노펜,아세트아미노펜,DRUG_CANON_060
PILL_001403,디곡신,디곡신,DRUG_CANON_098
PILL_001404,디클로페낙나트륨,디클로페낙나트륨,DRUG_CANON_014
PILL_001423,글리메피리드,글리메피리드,DRUG_CANON_036
PILL_001424,글리메피리드,글리메피리드,DRUG_CANON_036
PILL_001431,히드로클로로티아지드,히드로클로로티아지드,DRUG_CANON_033
PILL_001447,이부프로펜,이부프로펜,DRUG_CANON_021
PILL_001453,아세트아미노펜,아세트아미노펜,DRUG_CANON_060
PILL_001457,라록시펜염산염,라록시펜염산염,DRUG_CANON_042
PILL_001470,라니티딘염산염,라니티딘염산염,DRUG_CANON_133
PILL_001476,히드로클로로티아지드,히드로클로로티아지드,DRUG_CANON_033
PILL_001491,아세트아미노펜,아세트아미노펜,DRUG_CANON_060
PILL_001493,아세트아미노펜,아세트아미노펜,DRUG_CANON_060
PILL_001494,아세트아미노펜,아세트아미노펜,DRUG_CANON_060
PILL_001568,플루바스타틴나트륨,플루바스타틴나트륨,DRUG_CANON_079
PILL_001641,로사르탄칼륨,로사르탄칼륨,DRUG_CANON_081
PILL_001642,로사르탄칼륨,로사르탄칼륨,DRUG_CANON_081
PILL_001643,로사르탄칼륨,로사르탄칼륨,DRUG_CANON_081
PILL_001651,메트포르민염산염,메트포르민염산염,DRUG_CANON_037
PILL_001652,메트포르민염산염,메트포르민염산염,DRUG_CANON_037
PILL_001653,메트포르민염산염,메트포르민염산염,DRUG_CANON_037
PILL_001687,로사르탄칼륨,로사르탄칼륨,DRUG_CANON_081
PILL_001688,로사르탄칼륨,로사르탄칼륨,DRUG_CANON_081
PILL_001688,히드로클로로티아지드,히드로클로로티아지드,DRUG_CANON_033
PILL_001689,로사르탄칼륨,로사르탄칼륨,DRUG_CANON_081
PILL_001689,히드로클로로티아지드,히드로클로로티아지드,DRUG_CANON_033
PILL_001690,로사르탄칼륨,로사르탄칼륨,DRUG_CANON_081
PILL_001690,히드로클로로티아지드,히드로클로로티아지드,DRUG_CANON_033
PILL_001691,로사르탄칼륨,로사르탄칼륨,DRUG_CANON_081
PILL_001691,히드로클로로티아지드,히드로클로로티아지드,DRUG_CANON_033
PILL_001692,로사르탄칼륨,로사르탄칼륨,DRUG_CANON_081
PILL_001692,히드로클로로티아지드,히드로클로로티아지드,DRUG_CANON_033
PILL_001693,로사르탄칼륨,로사르탄칼륨,DRUG_CANON_081
PILL_001694,로사르탄칼륨,로사르탄칼륨,DRUG_CANON_081
PILL_001694,히드로클로로티아지드,히드로클로로티아지드,DRUG_CANON_033
PILL_001695,로사르탄칼륨,로사르탄칼륨,DRUG_CANON_081
PILL_001757,아세트아미노펜,아세트아미노펜,DRUG_CANON_060
PILL_001773,이부프로펜,이부프로펜,DRUG_CANON_021
PILL_001783,아세트아미노펜,아세트아미노펜,DRUG_CANON_060
PILL_001783,클로르족사존,클로르족사존,DRUG_CANON_026
PILL_001814,리바스티그민타르타르산염,리바스티그민타르타르산염,DRUG_CANON_110
PILL_001815,리바스티그민타르타르산염,리바스티그민타르타르산염,DRUG_CANON_110
PILL_001821,이부프로펜,이부프로펜,DRUG_CANON_021
PILL_001850,심바스타틴,심바스타틴,DRUG_CANON_068
PILL_001863,아스피린,아스피린,DRUG_CANON_011
PILL_001864,클로르족사존,클로르족사존,DRUG_CANON_026
PILL_001885,아스피린,아스피린,DRUG_CANON_011
PILL_001903,아세트아미노펜,아세트아미노펜,DRUG_CANON_060
PILL_001906,피나스테리드,피나스테리드,DRUG_CANON_104
PILL_001913,아세트아미노펜,아세트아미노펜,DRUG_CANON_060
PILL_001922,나프록센,나프록센,DRUG_CANON_015
PILL_001926,아세트아미노펜,아세트아미노펜,DRUG_CANON_060
PILL_001926,클로르족사존,클로르족사존,DRUG_CANON_026
PILL_001939,아세트아미노펜,아세트아미노펜,DRUG_CANON_060
PILL_001944,메트포르민염산염,메트포르민염산염,DRUG_CANON_037
PILL_001952,아세트아미노펜,아세트아미노펜,DRUG_CANON_060
PILL_001976,메트포르민염산염,메트포르민염산염,DRUG_CANON_037
PILL_001977,메트포르민염산염,메트포르민염산염,DRUG_CANON_037
PILL_001980,글리메피리드,글리메피리드,DRUG_CANON_036
PILL_001995,아스피린,아스피린,DRUG_CANON_011
PILL_001999,벤즈트로핀메실산염,벤즈트로핀메실산염,DRUG_CANON_113
PILL_002002,이미프라민염산염,이미프라민염산염,DRUG_CANON_088
PILL_002004,페니토인,페니토인,DRUG_CANON_082
PILL_002008,할로페리돌,할로페리돌,DRUG_CANON_087
PILL_002009,할로페리돌,할로페리돌,DRUG_CANON_087
PILL_002010,할로페리돌,할로페리돌,DRUG_CANON_087
PILL_002015,아세트아미노펜,아세트아미노펜,DRUG_CANON_060
PILL_002016,아세트아미노펜,아세트아미노펜,DRUG_CANON_060
PILL_002017,아세트아미노펜,아세트아미노펜,DRUG_CANON_060
PILL_002018,아세트아미노펜,아세트아미노펜,DRUG_CANON_060
PILL_002058,아세트아미노펜,아세트아미노펜,DRUG_CANON_060
PILL_002082,이부프로펜,이부프로펜,DRUG_CANON_021
PILL_002093,아세트아미노펜,아세트아미노펜,DRUG_CANON_060
PILL_002101,히드로클로로티아지드,히드로클로로티아지드,DRUG_CANON_033
PILL_002102,히드로클로로티아지드,히드로클로로티아지드,DRUG_CANON_033
PILL_002119,세레콕시브,세레콕시브,DRUG_CANON_077
PILL_002124,실데나필시트르산염,실데나필시트르산염,DRUG_CANON_058
PILL_002125,실데나필시트르산염,실데나필시트르산염,DRUG_CANON_058
PILL_002131,아스피린,아스피린,DRUG_CANON_011
PILL_002132,아세트아미노펜,아세트아미노펜,DRUG_CANON_060
PILL_002143,아스피린,아스피린,DRUG_CANON_011
PILL_002152,심바스타틴,심바스타틴,DRUG_CANON_068
PILL_002170,실데나필시트르산염,실데나필시트르산염,DRUG_CANON_058
PILL_002184,파모티딘,파모티딘,DRUG_CANON_132
PILL_002194,로사르탄칼륨,로사르탄칼륨,DRUG_CANON_081
PILL_002195,로사르탄칼륨,로사르탄칼륨,DRUG_CANON_081
PILL_002195,히드로클로로티아지드,히드로클로로티아지드,DRUG_CANON_033
PILL_002196,로사르탄칼륨,로사르탄칼륨,DRUG_CANON_081
PILL_002196,히드로클로로티아지드,히드로클로로티아지드,DRUG_CANON_033
PILL_002197,로사르탄칼륨,로사르탄칼륨,DRUG_CANON_081
PILL_002197,히드로클로로티아지드,히드로클로로티아지드,DRUG_CANON_033
PILL_002201,아세트아미노펜,아세트아미노펜,DRUG_CANON_060
PILL_002236,글리메피리드,글리메피리드,DRUG_CANON_036
PILL_002263,살부타몰황산염,살부타몰황산염,DRUG_CANON_048
PILL_002264,실데나필시트르산염,실데나필시트르산염,DRUG_CANON_058
PILL_002265,실데나필시트르산염,실데나필시트르산염,DRUG_CANON_058
PILL_002271,페니토인,페니토인,DRUG_CANON_082
PILL_002273,이부프로펜,이부프로펜,DRUG_CANON_021
PILL_002319,실데나필시트르산염,실데나필시트르산염,DRUG_CANON_058
PILL_002320,실데나필시트르산염,실데나필시트르산염,DRUG_CANON_058
PILL_002324,실데나필시트르산염,실데나필시트르산염,DRUG_CANON_058
PILL_002372,사이클로스포린,사이클로스포린,DRUG_CANON_003
PILL_002373,사이클로스포린,사이클로스포린,DRUG_CANON_003
PILL_002382,사이클로스포린,사이클로스포린,DRUG_CANON_003
PILL_002383,사이클로스포린,사이클로스포린,DRUG_CANON_003
PILL_002396,아세트아미노펜,아세트아미노펜,DRUG_CANON_060
PILL_002397,아스피린,아스피린,DRUG_CANON_011
PILL_002399,아스피린,아스피린,DRUG_CANON_011
PILL_002416,아세트아미노펜,아세트아미노펜,DRUG_CANON_060
PILL_002417,아세트아미노펜,아세트아미노펜,DRUG_CANON_060
PILL_002418,아세트아미노펜,아세트아미노펜,DRUG_CANON_060
PILL_002423,세레콕시브,세레콕시브,DRUG_CANON_077
PILL_002425,실로스타졸,실로스타졸,DRUG_CANON_020
PILL_002428,나프록센나트륨,나프록센나트륨,DRUG_CANON_015
PILL_002438,히드로클로로티아지드,히드로클로로티아지드,DRUG_CANON_033
PILL_002439,히드로클로로티아지드,히드로클로로티아지드,DRUG_CANON_033
PILL_002443,히드로클로로티아지드,히드로클로로티아지드,DRUG_CANON_033
PILL_002444,히드로클로로티아지드,히드로클로로티아지드,DRUG_CANON_033
PILL_002445,히드로클로로티아지드,히드로클로로티아지드,DRUG_CANON_033
PILL_002457,아세트아미노펜,아세트아미노펜,DRUG_CANON_060
PILL_002458,아세트아미노펜,아세트아미노펜,DRUG_CANON_060
PILL_002461,아세트아미노펜,아세트아미노펜,DRUG_CANON_060
PILL_002462,아세트아미노펜,아세트아미노펜,DRUG_CANON_060
PILL_002471,아세트아미노펜,아세트아미노펜,DRUG_CANON_060
PILL_002481,실데나필시트르산염,실데나필시트르산염,DRUG_CANON_058
PILL_002502,세레콕시브,세레콕시브,DRUG_CANON_077
PILL_002505,실로스타졸,실로스타졸,DRUG_CANON_020
PILL_002509,글리메피리드,글리메피리드,DRUG_CANON_036
PILL_002513,프레드니솔론,프레드니솔론,DRUG_CANON_125
PILL_002519,클로르족사존,클로르족사존,DRUG_CANON_026
PILL_002522,아세트아미노펜,아세트아미노펜,DRUG_CANON_060
PILL_002525,아세트아미노펜,아세트아미노펜,DRUG_CANON_060
PILL_002526,아세트아미노펜,아세트아미노펜,DRUG_CANON_060
PILL_002541,메트포르민염산염,메트포르민염산염,DRUG_CANON_037
PILL_002545,아세트아미노펜,아세트아미노펜,DRUG_CANON_060
PILL_002546,아스피린,아스피린,DRUG_CANON_011
PILL_002546,클로피도그렐황산염,클로피도그렐황산염,DRUG_CANON_012
PILL_002583,아세트아미노펜,아세트아미노펜,DRUG_CANON_060
PILL_002587,이부프로펜,이부프로펜,DRUG_CANON_021
PILL_002588,스피로노락톤,스피로노락톤,DRUG_CANON_059
PILL_002588,히드로클로로티아지드,히드로클로로티아지드,DRUG_CANON_033
PILL_002589,나프록센,나프록센,DRUG_CANON_015
PILL_002591,아세트아미노펜,아세트아미노펜,DRUG_CANON_060
PILL_002601,아세트아미노펜,아세트아미노펜,DRUG_CANON_060
PILL_002602,아세트아미노펜,아세트아미노펜,DRUG_CANON_060
PILL_002603,아세트아미노펜,아세트아미노펜,DRUG_CANON_060
PILL_002604,실로스타졸,실로스타졸,DRUG_CANON_020
PILL_002619,아세트아미노펜,아세트아미노펜,DRUG_CANON_060
PILL_002619,클로르족사존,클로르족사존,DRUG_CANON_026
PILL_002629,아세트아미노펜,아세트아미노펜,DRUG_CANON_060
PILL_002642,실데나필시트르산염,실데나필시트르산염,DRUG_CANON_058
PILL_002643,실로스타졸,실로스타졸,DRUG_CANON_020
PILL_002645,심바스타틴,심바스타틴,DRUG_CANON_068
PILL_002646,심바스타틴,심바스타틴,DRUG_CANON_068
PILL_002647,심바스타틴,심바스타틴,DRUG_CANON_068
PILL_002650,심바스타틴,심바스타틴,DRUG_CANON_068
PILL_002651,심바스타틴,심바스타틴,DRUG_CANON_068
PILL_002661,아세트아미노펜,아세트아미노펜,DRUG_CANON_060
PILL_002666,실로스타졸,실로스타졸,DRUG_CANON_020
PILL_002671,세레콕시브,세레콕시브,DRUG_CANON_077
PILL_002672,세레콕시브,세레콕시브,DRUG_CANON_077
PILL_002673,세레콕시브,세레콕시브,DRUG_CANON_077
PILL_002674,세레콕시브,세레콕시브,DRUG_CANON_077
PILL_002686,세레콕시브,세레콕시브,DRUG_CANON_077
PILL_002688,세레콕시브,세레콕시브,DRUG_CANON_077
PILL_002693,시메티딘,시메티딘,DRUG_CANON_071
PILL_002700,아스피린,아스피린,DRUG_CANON_011
PILL_002705,아세트아미노펜,아세트아미노펜,DRUG_CANON_060
PILL_002722,실데나필시트르산염,실데나필시트르산염,DRUG_CANON_058
PILL_002730,나프록센나트륨,나프록센나트륨,DRUG_CANON_015
PILL_002732,나프록센나트륨,나프록센나트륨,DRUG_CANON_015
PILL_002733,나프록센,나프록센,DRUG_CANON_015
PILL_002737,니페디핀,니페디핀,DRUG_CANON_023
PILL_002738,타크로리무스수화물,타크로리무스수화물,DRUG_CANON_007
PILL_002739,타크로리무스수화물,타크로리무스수화물,DRUG_CANON_007
PILL_002742,아스피린,아스피린,DRUG_CANON_011
PILL_002747,아세트아미노펜,아세트아미노펜,DRUG_CANON_060
PILL_002768,도네페질염산염일수화물,도네페질염산염일수화물,DRUG_CANON_109
PILL_002769,도네페질염산염일수화물,도네페질염산염일수화물,DRUG_CANON_109
PILL_002771,도네페질염산염,도네페질염산염,DRUG_CANON_109
PILL_002772,도네페질염산염,도네페질염산염,DRUG_CANON_109
PILL_002773,글리메피리드,글리메피리드,DRUG_CANON_036
PILL_002773,메트포르민염산염,메트포르민염산염,DRUG_CANON_037
PILL_002774,글리메피리드,글리메피리드,DRUG_CANON_036
PILL_002774,메트포르민염산염,메트포르민염산염,DRUG_CANON_037
PILL_002775,글리메피리드,글리메피리드,DRUG_CANON_036
PILL_002776,글리메피리드,글리메피리드,DRUG_CANON_036
PILL_002777,글리메피리드,글리메피리드,DRUG_CANON_036
PILL_002781,로사르탄칼륨,로사르탄칼륨,DRUG_CANON_081
PILL_002782,로사르탄칼륨,로사르탄칼륨,DRUG_CANON_081
PILL_002783,로사르탄칼륨,로사르탄칼륨,DRUG_CANON_081
PILL_002796,아스피린,아스피린,DRUG_CANON_011
PILL_002802,아세트아미노펜,아세트아미노펜,DRUG_CANON_060
PILL_002803,아세트아미노펜,아세트아미노펜,DRUG_CANON_060
PILL_002808,아세트아미노펜,아세트아미노펜,DRUG_CANON_060
PILL_002809,아세트아미노펜,아세트아미노펜,DRUG_CANON_060
PILL_002821,아스피린,아스피린,DRUG_CANON_011
PILL_002822,아스피린,아스피린,DRUG_CANON_011
PILL_002823,아스피린,아스피린,DRUG_CANON_011
PILL_002824,아스피린,아스피린,DRUG_CANON_011
PILL_002830,아세트아미노펜,아세트아미노펜,DRUG_CANON_060
PILL_002833,아자티오프린,아자티오프린,DRUG_CANON_001
PILL_002849,히드로클로로티아지드,히드로클로로티아지드,DRUG_CANON_033
PILL_002854,클로르탈리돈,클로르탈리돈,DRUG_CANON_031
PILL_002855,클로르탈리돈,클로르탈리돈,DRUG_CANON_031
PILL_002862,아세트아미노펜,아세트아미노펜,DRUG_CANON_060
PILL_002863,아세트아미노펜,아세트아미노펜,DRUG_CANON_060
PILL_002866,아세트아미노펜,아세트아미노펜,DRUG_CANON_060
PILL_002868,이르베사르탄,이르베사르탄,DRUG_CANON_080
PILL_002874,실로스타졸,실로스타졸,DRUG_CANON_020
PILL_002882,아세트아미노펜,아세트아미노펜,DRUG_CANON_060
PILL_002887,스피로노락톤,스피로노락톤,DRUG_CANON_059
PILL_002894,펙소페나딘염산염,펙소페나딘염산염,DRUG_CANON_025
PILL_002895,펙소페나딘염산염,펙소페나딘염산염,DRUG_CANON_025
PILL_002896,펙소페나딘염산염,펙소페나딘염산염,DRUG_CANON_025
PILL_002905,피나스테리드,피나스테리드,DRUG_CANON_104
PILL_002906,시메티딘,시메티딘,DRUG_CANON_071
PILL_002958,아세트아미노펜,아세트아미노펜,DRUG_CANON_060
PILL_002969,아스피린,아스피린,DRUG_CANON_011
PILL_003005,이부프로펜,이부프로펜,DRUG_CANON_021
PILL_003012,메트포르민염산염,메트포르민염산염,DRUG_CANON_037
PILL_003012,피오글리타존염산염,피오글리타존염산염,DRUG_CANON_038
PILL_003013,피오글리타존염산염,피오글리타존염산염,DRUG_CANON_038
PILL_003014,피오글리타존염산염,피오글리타존염산염,DRUG_CANON_038
PILL_003026,피오글리타존염산염,피오글리타존염산염,DRUG_CANON_038
PILL_003033,아세트아미노펜,아세트아미노펜,DRUG_CANON_060
PILL_003035,아세트아미노펜,아세트아미노펜,DRUG_CANON_060
PILL_003054,아세트아미노펜,아세트아미노펜,DRUG_CANON_060
PILL_003054,에페드린염산염,에페드린염산염,DRUG_CANON_052
PILL_003061,라록시펜염산염,라록시펜염산염,DRUG_CANON_042
PILL_003085,히드로클로로티아지드,히드로클로로티아지드,DRUG_CANON_033
PILL_003096,아스피린,아스피린,DRUG_CANON_011
PILL_003097,나프록센,나프록센,DRUG_CANON_015
PILL_003099,이르베사르탄,이르베사르탄,DRUG_CANON_080
PILL_003100,히드로클로로티아지드,히드로클로로티아지드,DRUG_CANON_033
PILL_003103,로사르탄칼륨,로사르탄칼륨,DRUG_CANON_081
PILL_003104,아스피린,아스피린,DRUG_CANON_011
PILL_003108,파록세틴염산염수화물,파록세틴염산염수화물,DRUG_CANON_045
PILL_003109,파록세틴염산염수화물,파록세틴염산염수화물,DRUG_CANON_045
PILL_003114,나프록센나트륨,나프록센나트륨,DRUG_CANON_015
PILL_003118,나프록센,나프록센,DRUG_CANON_015
PILL_003151,아세트아미노펜,아세트아미노펜,DRUG_CANON_060
PILL_003155,아세트아미노펜,아세트아미노펜,DRUG_CANON_060
PILL_003156,아세트아미노펜,아세트아미노펜,DRUG_CANON_060
PILL_003159,아세트아미노펜,아세트아미노펜,DRUG_CANON_060
PILL_003210,아세트아미노펜,아세트아미노펜,DRUG_CANON_060
PILL_003221,나프록센,나프록센,DRUG_CANON_015
PILL_003224,메트포르민염산염,메트포르민염산염,DRUG_CANON_037
PILL_003227,아스피린,아스피린,DRUG_CANON_011
PILL_003231,다나졸,다나졸,DRUG_CANON_108
PILL_003249,오메프라졸,오메프라졸,DRUG_CANON_103
PILL_003250,아세트아미노펜,아세트아미노펜,DRUG_CANON_060
PILL_003276,나프록센,나프록센,DRUG_CANON_015
PILL_003281,히드로클로로티아지드,히드로클로로티아지드,DRUG_CANON_033
PILL_003282,히드로클로로티아지드,히드로클로로티아지드,DRUG_CANON_033
PILL_003295,히드로클로로티아지드,히드로클로로티아지드,DRUG_CANON_033
PILL_003298,히드로클로로티아지드,히드로클로로티아지드,DRUG_CANON_033
PILL_003300,히드로클로로티아지드,히드로클로로티아지드,DRUG_CANON_033
PILL_003303,올란자핀,올란자핀,DRUG_CANON_089
PILL_003312,아세트아미노펜,아세트아미노펜,DRUG_CANON_060
PILL_003313,아세트아미노펜,아세트아미노펜,DRUG_CANON_060
PILL_003314,아세트아미노펜,아세트아미노펜,DRUG_CANON_060
PILL_003315,아세트아미노펜,아세트아미노펜,DRUG_CANON_060
PILL_003320,아세트아미노펜,아세트아미노펜,DRUG_CANON_060
PILL_003354,실데나필시트르산염,실데나필시트르산염,DRUG_CANON_058
PILL_003359,심바스타틴,심바스타틴,DRUG_CANON_068
PILL_003371,아세트아미노펜,아세트아미노펜,DRUG_CANON_060
PILL_003390,아스피린,아스피린,DRUG_CANON_011
PILL_003396,아세트아미노펜,아세트아미노펜,DRUG_CANON_060
PILL_003406,메트포르민염산염,메트포르민염산염,DRUG_CANON_037
PILL_003407,메트포르민염산염,메트포르민염산염,DRUG_CANON_037
PILL_003413,심바스타틴,심바스타틴,DRUG_CANON_068
PILL_003414,아스피린,아스피린,DRUG_CANON_011
PILL_003418,이소니아지드,이소니아지드,DRUG_CANON_063
PILL_003421,로사르탄칼륨,로사르탄칼륨,DRUG_CANON_081
PILL_003421,히드로클로로티아지드,히드로클로로티아지드,DRUG_CANON_033
PILL_003427,클로르탈리돈,클로르탈리돈,DRUG_CANON_031
PILL_003428,클로르탈리돈,클로르탈리돈,DRUG_CANON_031
PILL_003432,실데나필시트르산염,실데나필시트르산염,DRUG_CANON_058
PILL_003433,실데나필시트르산염,실데나필시트르산염,DRUG_CANON_058
PILL_003439,이부프로펜,이부프로펜,DRUG_CANON_021
PILL_003441,이부프로펜,이부프로펜,DRUG_CANON_021
PILL_003443,이부프로펜,이부프로펜,DRUG_CANON_021
PILL_003444,이부프로펜,이부프로펜,DRUG_CANON_021
PILL_003445,이부프로펜,이부프로펜,DRUG_CANON_021
PILL_003446,이부프로펜,이부프로펜,DRUG_CANON_021
PILL_003447,이부프로펜,이부프로펜,DRUG_CANON_021
PILL_003456,아세트아미노펜,아세트아미노펜,DRUG_CANON_060
PILL_003460,아세트아미노펜,아세트아미노펜,DRUG_CANON_060
PILL_003461,아세트아미노펜,아세트아미노펜,DRUG_CANON_060
PILL_003461,에페드린염산염,에페드린염산염,DRUG_CANON_052
PILL_003462,나프록센,나프록센,DRUG_CANON_015
PILL_003463,이부프로펜,이부프로펜,DRUG_CANON_021
PILL_003464,아세트아미노펜,아세트아미노펜,DRUG_CANON_060
PILL_003465,이부프로펜,이부프로펜,DRUG_CANON_021
PILL_003478,아세트아미노펜,아세트아미노펜,DRUG_CANON_060
PILL_003489,프로프라놀롤염산염,프로프라놀롤염산염,DRUG_CANON_095
PILL_003508,실데나필시트르산염,실데나필시트르산염,DRUG_CANON_058
PILL_003509,실데나필시트르산염,실데나필시트르산염,DRUG_CANON_058
PILL_003519,메트포르민염산염,메트포르민염산염,DRUG_CANON_037
PILL_003520,메트포르민염산염,메트포르민염산염,DRUG_CANON_037
PILL_003532,로사르탄칼륨,로사르탄칼륨,DRUG_CANON_081
PILL_003534,로사르탄칼륨,로사르탄칼륨,DRUG_CANON_081
PILL_003536,실데나필시트르산염,실데나필시트르산염,DRUG_CANON_058
PILL_003537,나프록센,나프록센,DRUG_CANON_015
PILL_003556,아세트아미노펜,아세트아미노펜,DRUG_CANON_060
PILL_003558,아세트아미노펜,아세트아미노펜,DRUG_CANON_060
PILL_003561,클로피도그렐황산염,클로피도그렐황산염,DRUG_CANON_012
PILL_003569,아세트아미노펜,아세트아미노펜,DRUG_CANON_060
PILL_003589,졸미트립탄,졸미트립탄,DRUG_CANON_097
PILL_003594,심바스타틴,심바스타틴,DRUG_CANON_068
PILL_003598,설트랄린염산염,설트랄린염산염,DRUG_CANON_046
PILL_003599,설트랄린염산염,설트랄린염산염,DRUG_CANON_046
PILL_003618,파모티딘,파모티딘,DRUG_CANON_132
PILL_003619,피록시캄,피록시캄,DRUG_CANON_078
PILL_003627,아세트아미노펜,아세트아미노펜,DRUG_CANON_060
PILL_003648,아스피린,아스피린,DRUG_CANON_011
PILL_003669,카르바마제핀,카르바마제핀,DRUG_CANON_062
PILL_003670,카르바마제핀,카르바마제핀,DRUG_CANON_062
PILL_003675,아세트아미노펜,아세트아미노펜,DRUG_CANON_060
PILL_003675,클로르족사존,클로르족사존,DRUG_CANON_026
PILL_003685,아세트아미노펜,아세트아미노펜,DRUG_CANON_060
PILL_003685,에페드린염산염,에페드린염산염,DRUG_CANON_052
PILL_003688,실데나필시트르산염,실데나필시트르산염,DRUG_CANON_058
PILL_003706,아세트아미노펜,아세트아미노펜,DRUG_CANON_060
PILL_003707,아세트아미노펜,아세트아미노펜,DRUG_CANON_060
PILL_003708,아세트아미노펜,아세트아미노펜,DRUG_CANON_060
PILL_003709,나프록센,나프록센,DRUG_CANON_015
PILL_003710,아세트아미노펜,아세트아미노펜,DRUG_CANON_060
PILL_003730,히드로클로로티아지드,히드로클로로티아지드,DRUG_CANON_033
PILL_003731,히드로클로로티아지드,히드로클로로티아지드,DRUG_CANON_033
PILL_003732,히드로클로로티아지드,히드로클로로티아지드,DRUG_CANON_033
PILL_003733,히드로클로로티아지드,히드로클로로티아지드,DRUG_CANON_033
PILL_003743,히드로클로로티아지드,히드로클로로티아지드,DRUG_CANON_033
PILL_003745,히드로클로로티아지드,히드로클로로티아지드,DRUG_CANON_033
PILL_003746,히드로클로로티아지드,히드로클로로티아지드,DRUG_CANON_033
PILL_003747,히드로클로로티아지드,히드로클로로티아지드,DRUG_CANON_033
PILL_003748,히드로클로로티아지드,히드로클로로티아지드,DRUG_CANON_033
PILL_003752,로사르탄칼륨,로사르탄칼륨,DRUG_CANON_081
PILL_003752,히드로클로로티아지드,히드로클로로티아지드,DRUG_CANON_033
PILL_003755,이르베사르탄,이르베사르탄,DRUG_CANON_080
PILL_003755,히드로클로로티아지드,히드로클로로티아지드,DRUG_CANON_033
PILL_003756,아세트아미노펜,아세트아미노펜,DRUG_CANON_060
PILL_003759,로사르탄칼륨,로사르탄칼륨,DRUG_CANON_081
PILL_003760,로사르탄칼륨,로사르탄칼륨,DRUG_CANON_081
PILL_003761,로사르탄칼륨,로사르탄칼륨,DRUG_CANON_081
PILL_003762,로사르탄칼륨,로사르탄칼륨,DRUG_CANON_081
PILL_003763,로사르탄칼륨,로사르탄칼륨,DRUG_CANON_081
PILL_003764,로사르탄칼륨,로사르탄칼륨,DRUG_CANON_081
PILL_003764,히드로클로로티아지드,히드로클로로티아지드,DRUG_CANON_033
PILL_003765,로사르탄칼륨,로사르탄칼륨,DRUG_CANON_081
PILL_003765,히드로클로로티아지드,히드로클로로티아지드,DRUG_CANON_033
PILL_003768,아세트아미노펜,아세트아미노펜,DRUG_CANON_060
PILL_003776,세레콕시브,세레콕시브,DRUG_CANON_077
PILL_003784,아세트아미노펜,아세트아미노펜,DRUG_CANON_060
PILL_003797,아세트아미노펜,아세트아미노펜,DRUG_CANON_060
PILL_003798,아세트아미노펜,아세트아미노펜,DRUG_CANON_060
PILL_003803,아세트아미노펜,아세트아미노펜,DRUG_CANON_060
PILL_003827,아세트아미노펜,아세트아미노펜,DRUG_CANON_060
PILL_003841,클로피도그렐황산염,클로피도그렐황산염,DRUG_CANON_012
PILL_003876,세레콕시브,세레콕시브,DRUG_CANON_077
PILL_003879,클래리트로마이신,클래리트로마이신,DRUG_CANON_127
PILL_003880,클래리트로마이신,클래리트로마이신,DRUG_CANON_127
PILL_003882,아세트아미노펜,아세트아미노펜,DRUG_CANON_060
PILL_003882,클로르족사존,클로르족사존,DRUG_CANON_026
PILL_003884,클래리트로마이신,클래리트로마이신,DRUG_CANON_127
PILL_003885,클래리트로마이신,클래리트로마이신,DRUG_CANON_127
PILL_003886,클래리트로마이신,클래리트로마이신,DRUG_CANON_127
PILL_003887,클래리트로마이신,클래리트로마이신,DRUG_CANON_127
PILL_003890,클래리트로마이신,클래리트로마이신,DRUG_CANON_127
PILL_003891,클로자핀,클로자핀,DRUG_CANON_067
PILL_003892,클로피도그렐황산염,클로피도그렐황산염,DRUG_CANON_012
PILL_003893,클로피도그렐황산염,클로피도그렐황산염,DRUG_CANON_012
PILL_003896,클로자핀,클로자핀,DRUG_CANON_067
PILL_003897,클로자핀,클로자핀,DRUG_CANON_067
PILL_003906,아세트아미노펜,아세트아미노펜,DRUG_CANON_060
PILL_003907,나프록센,나프록센,DRUG_CANON_015
PILL_003908,아세트아미노펜,아세트아미노펜,DRUG_CANON_060
PILL_003909,아세트아미노펜,아세트아미노펜,DRUG_CANON_060
PILL_003910,시메티딘,시메티딘,DRUG_CANON_071
PILL_003911,시메티딘,시메티딘,DRUG_CANON_071
PILL_003916,실로스타졸,실로스타졸,DRUG_CANON_020
PILL_003919,아세트아미노펜,아세트아미노펜,DRUG_CANON_060
PILL_003920,아세트아미노펜,아세트아미노펜,DRUG_CANON_060
PILL_003921,아세트아미노펜,아세트아미노펜,DRUG_CANON_060
PILL_003922,아세트아미노펜,아세트아미노펜,DRUG_CANON_060
PILL_003926,아세트아미노펜,아세트아미노펜,DRUG_CANON_060
PILL_003927,아세트아미노펜,아세트아미노펜,DRUG_CANON_060
PILL_003933,아세트아미노펜,아세트아미노펜,DRUG_CANON_060
PILL_003935,아세트아미노펜,아세트아미노펜,DRUG_CANON_060
PILL_003938,아세트아미노펜,아세트아미노펜,DRUG_CANON_060
PILL_003940,아세트아미노펜,아세트아미노펜,DRUG_CANON_060
PILL_003941,아세트아미노펜,아세트아미노펜,DRUG_CANON_060
PILL_003943,타크로리무스 수화물,타크로리무스수화물,DRUG_CANON_007
PILL_003944,타크로리무스수화물,타크로리무스수화물,DRUG_CANON_007
PILL_003965,카르바마제핀,카르바마제핀,DRUG_CANON_062
PILL_003968,메트포르민염산염,메트포르민염산염,DRUG_CANON_037
PILL_003969,메트포르민염산염,메트포르민염산염,DRUG_CANON_037
PILL_003980,아세트아미노펜,아세트아미노펜,DRUG_CANON_060
PILL_003987,프로프라놀롤염산염,프로프라놀롤염산염,DRUG_CANON_095
PILL_003993,히드로클로로티아지드,히드로클로로티아지드,DRUG_CANON_033
PILL_003994,히드로클로로티아지드,히드로클로로티아지드,DRUG_CANON_033
PILL_004002,토르세미드,토르세미드,DRUG_CANON_083
PILL_004003,토르세미드,토르세미드,DRUG_CANON_083
PILL_004028,아세트아미노펜,아세트아미노펜,DRUG_CANON_060
PILL_004029,아세트아미노펜,아세트아미노펜,DRUG_CANON_060
PILL_004030,아세트아미노펜,아세트아미노펜,DRUG_CANON_060
PILL_004031,아세트아미노펜,아세트아미노펜,DRUG_CANON_060
PILL_004032,아세트아미노펜,아세트아미노펜,DRUG_CANON_060
PILL_004036,아세트아미노펜,아세트아미노펜,DRUG_CANON_060
PILL_004045,피나스테리드,피나스테리드,DRUG_CANON_104
PILL_004059,아세트아미노펜,아세트아미노펜,DRUG_CANON_060
PILL_004063,이부프로펜,이부프로펜,DRUG_CANON_021
PILL_004067,트리헥시페니딜염산염,트리헥시페니딜염산염,DRUG_CANON_116
PILL_004081,아세트아미노펜,아세트아미노펜,DRUG_CANON_060
PILL_004095,파모티딘,파모티딘,DRUG_CANON_132
PILL_004104,아세트아미노펜,아세트아미노펜,DRUG_CANON_060
PILL_004104,클로르족사존,클로르족사존,DRUG_CANON_026
PILL_004106,파록세틴염산염수화물,파록세틴염산염수화물,DRUG_CANON_045
PILL_004113,파모티딘,파모티딘,DRUG_CANON_132
PILL_004117,피나스테리드,피나스테리드,DRUG_CANON_104
PILL_004122,아세트아미노펜,아세트아미노펜,DRUG_CANON_060
PILL_004133,실데나필시트르산염,실데나필시트르산염,DRUG_CANON_058
PILL_004136,파록세틴염산염수화물,파록세틴염산염수화물,DRUG_CANON_045
PILL_004141,아세트아미노펜,아세트아미노펜,DRUG_CANON_060
PILL_004142,아세트아미노펜,아세트아미노펜,DRUG_CANON_060
PILL_004143,아세트아미노펜,아세트아미노펜,DRUG_CANON_060
PILL_004153,아세트아미노펜,아세트아미노펜,DRUG_CANON_060
PILL_004156,실데나필시트르산염,실데나필시트르산염,DRUG_CANON_058
PILL_004157,실데나필,실데나필,DRUG_CANON_058
PILL_004158,실데나필,실데나필,DRUG_CANON_058
PILL_004159,실데나필,실데나필,DRUG_CANON_058
PILL_004164,나프록센,나프록센,DRUG_CANON_015
PILL_004175,할로페리돌,할로페리돌,DRUG_CANON_087
PILL_004187,이부프로펜,이부프로펜,DRUG_CANON_021
PILL_004190,펙소페나딘염산염,펙소페나딘염산염,DRUG_CANON_025
PILL_004196,아세트아미노펜,아세트아미노펜,DRUG_CANON_060
PILL_004197,아세트아미노펜,아세트아미노펜,DRUG_CANON_060
PILL_004208,아세트아미노펜,아세트아미노펜,DRUG_CANON_060
PILL_004209,실데나필시트르산염,실데나필시트르산염,DRUG_CANON_058
PILL_004216,실데나필시트르산염,실데나필시트르산염,DRUG_CANON_058
PILL_004225,클로르탈리돈,클로르탈리돈,DRUG_CANON_031
PILL_004226,나프록센나트륨,나프록센나트륨,DRUG_CANON_015
PILL_004233,실데나필시트르산염,실데나필시트르산염,DRUG_CANON_058
PILL_004235,나프록센,나프록센,DRUG_CANON_015
PILL_004237,플루옥세틴염산염,플루옥세틴염산염,DRUG_CANON_044
PILL_004238,플루옥세틴염산염,플루옥세틴염산염,DRUG_CANON_044
PILL_004249,아스피린,아스피린,DRUG_CANON_011
PILL_004271,실로스타졸,실로스타졸,DRUG_CANON_020
PILL_004272,실로스타졸,실로스타졸,DRUG_CANON_020
PILL_004273,실로스타졸,실로스타졸,DRUG_CANON_020
PILL_004274,실로스타졸,실로스타졸,DRUG_CANON_020
PILL_004277,타크로리무스 수화물,타크로리무스수화물,DRUG_CANON_007
PILL_004278,타크로리무스 수화물,타크로리무스수화물,DRUG_CANON_007
PILL_004289,피나스테리드,피나스테리드,DRUG_CANON_104
PILL_004297,피나스테리드,피나스테리드,DRUG_CANON_104
PILL_004312,실데나필시트르산염,실데나필시트르산염,DRUG_CANON_058
PILL_004316,나프록센,나프록센,DRUG_CANON_015
PILL_004320,히드로클로로티아지드,히드로클로로티아지드,DRUG_CANON_033
PILL_004321,히드로클로로티아지드,히드로클로로티아지드,DRUG_CANON_033
PILL_004326,클로피도그렐황산수소염,클로피도그렐황산수소염,DRUG_CANON_012
PILL_004327,클로피도그렐황산염,클로피도그렐황산염,DRUG_CANON_012
PILL_004334,피나스테리드,피나스테리드,DRUG_CANON_104
PILL_004335,피나스테리드,피나스테리드,DRUG_CANON_104
PILL_004342,피오글리타존염산염,피오글리타존염산염,DRUG_CANON_038
PILL_004348,피오글리타존염산염,피오글리타존염산염,DRUG_CANON_038
PILL_004365,아세트아미노펜,아세트아미노펜,DRUG_CANON_060
PILL_004366,아세트아미노펜,아세트아미노펜,DRUG_CANON_060
PILL_004369,아세트아미노펜,아세트아미노펜,DRUG_CANON_060
PILL_004371,아세트아미노펜,아세트아미노펜,DRUG_CANON_060
PILL_004372,아세트아미노펜,아세트아미노펜,DRUG_CANON_060
PILL_004373,아세트아미노펜,아세트아미노펜,DRUG_CANON_060
PILL_004374,아세트아미노펜,아세트아미노펜,DRUG_CANON_060
PILL_004376,아스피린,아스피린,DRUG_CANON_011
PILL_004385,이부프로펜,이부프로펜,DRUG_CANON_021
PILL_004392,도네페질염산염수화물,도네페질염산염수화물,DRUG_CANON_109
PILL_004395,메토트렉세이트,메토트렉세이트,DRUG_CANON_064
PILL_004406,파모티딘,파모티딘,DRUG_CANON_132
PILL_004411,나프록센,나프록센,DRUG_CANON_015
PILL_004412,이부프로펜,이부프로펜,DRUG_CANON_021
PILL_004417,아세트아미노펜,아세트아미노펜,DRUG_CANON_060
PILL_004424,실데나필시트르산염,실데나필시트르산염,DRUG_CANON_058
PILL_004431,딜티아젬염산염,딜티아젬염산염,DRUG_CANON_128
PILL_004432,딜티아젬염산염,딜티아젬염산염,DRUG_CANON_128
PILL_004458,클로르탈리돈,클로르탈리돈,DRUG_CANON_031
PILL_004468,아세트아미노펜,아세트아미노펜,DRUG_CANON_060
PILL_004469,아세트아미노펜,아세트아미노펜,DRUG_CANON_060
PILL_004470,아세트아미노펜,아세트아미노펜,DRUG_CANON_060
PILL_004471,아세트아미노펜,아세트아미노펜,DRUG_CANON_060
PILL_004472,아세트아미노펜,아세트아미노펜,DRUG_CANON_060
PILL_004473,아세트아미노펜,아세트아미노펜,DRUG_CANON_060
PILL_004474,나프록센,나프록센,DRUG_CANON_015
PILL_004475,도네페질염산염수화물,도네페질염산염수화물,DRUG_CANON_109
PILL_004481,벤즈트로핀메실산염,벤즈트로핀메실산염,DRUG_CANON_113
PILL_004482,이미프라민염산염,이미프라민염산염,DRUG_CANON_088
PILL_004483,클로나제팜,클로나제팜,DRUG_CANON_099
PILL_004513,시메티딘,시메티딘,DRUG_CANON_071
PILL_004516,아스피린,아스피린,DRUG_CANON_011
PILL_004522,아스피린,아스피린,DRUG_CANON_011
PILL_004525,아세트아미노펜,아세트아미노펜,DRUG_CANON_060
PILL_004525,에페드린염산염,에페드린염산염,DRUG_CANON_052
